100,Clementine,Hepsibah,35
101,Rayna,Shaddock,32
102,Charissa,Madaih,14
103,Ardys,Concha,44
104,Latisha,Melleta,40
105,Harrietta,Wu,20
106,Felice,Grimbly,34
107,Kimmy,Ranjiv,10
108,Merci,Miru,25
109,Kaja,Fink,18
110,Jaclyn,Buttaro,38
111,Brandise,Cutlerr,16
112,Lolita,Malanie,25
113,Katleen,Markman,28
114,Ann-Marie,Primalia,37
115,Kirbee,Hebner,16
116,Fredericka,Sherfield,40
117,Jere,Haymes,11
118,Candy,Bohlin,44
119,Roberta,Clarissa,45
120,Bertine,Kalinda,42
121,Layla,Gillan,45
122,Chrystel,Angelis,16
123,Fredericka,Adlare,14
124,Chastity,Hertzfeld,27
125,Ketti,Vivle,30
126,Esmeralda,Astra,34
127,Margalo,Ellord,10
128,Lindie,Marijo,42
129,Laurene,Madox,33
130,Rhoda,Gaynor,31
131,Melisent,Terrence,33
132,Elbertina,Pozzy,20
133,Ricky,Gale,14
134,Nollie,Izaak,16
135,Jackie,Jethro,17
136,Lesly,Rebecka,14
137,Romona,Norvol,37
138,Ericka,Thornburg,41
139,Violet,Sigfrid,41
140,Lorenza,Ries,17
141,Ira,Goerke,26
142,Lisette,Erb,18
143,Karena,Brodench,23
144,Daphne,Fadiman,11
145,Konstance,Kylander,33
146,Kamilah,Gwenore,27
147,Minda,Cavan,43
148,Cassandra,Bearnard,10
149,Teriann,Toffic,13
150,Sheree,Oster,43
151,Kimberley,Erminia,30
152,Felice,Frendel,13
153,Bobinette,Seumas,40
154,Roxane,Cloris,44
155,Paule,Longfellow,24
156,Tami,Birdella,39
157,Rubie,Rolf,19
158,Estell,Stelle,41
159,Romona,Ambrosia,27
160,Kore,Israeli,27
161,Karlee,Jehu,45
162,Rani,Pelagias,23
163,Dianemarie,Markman,11
164,Leanna,O'Carroll,27
165,Lenna,Rooney,12
166,Kylynn,Flyn,40
167,Yvonne,Desai,32
168,Cassandra,Diogenes,24
169,Evita,Lasley,14
170,Sallie,Sigfrid,19
171,Kary,Yorick,19
172,Maurene,Honoria,11
173,Jordan,Lytton,31
174,Lizzie,Natica,13
175,Wilma,Joni,18
176,Marinna,Juan,32
177,Patricia,Brieta,15
178,Harmonia,Levey,33
179,Sara-Ann,Leopold,32
180,Aryn,Argus,20
181,Ileana,Malina,14
182,Coral,Ralfston,33
183,Gabriellia,Milson,21
184,Dode,Hourigan,33
185,Jorry,Socha,10
186,Cindelyn,Ferino,31
187,Eolanda,Mike,20
188,Ivett,Kirstin,17
189,Kial,Delila,25
190,Melanie,Pearse,21
191,Ann-Marie,Selway,24
192,Annecorinne,Carey,43
193,Malina,Crudden,25
194,Jessy,Chesna,34
195,Averyl,Fennessy,29
196,Lily,Hoban,23
197,Petronia,Robertson,38
198,Blondelle,Gaulin,40
199,Kimberley,Sophronia,18
200,Winifred,Heidt,42
201,Doro,Pauly,26
202,Tamqrah,Gaynor,26
203,Emylee,Melony,40
204,Berget,Shuler,13
205,Charmaine,Cohdwell,34
206,Pearline,Vastah,14
207,Alisha,Ailyn,24
208,Tobe,Burnside,44
209,Jacquetta,Seligman,41
210,Jacenta,Goth,24
211,Misha,Garrison,20
212,Ofilia,Verger,40
213,Jeanna,Ax,41
214,Harmonia,Lalitta,22
215,Juliane,Therine,28
216,Stevana,Kunin,27
217,Meriel,Arvo,38
218,Ermengarde,Flita,24
219,Tersina,Gilbertson,24
220,Blondelle,Wooster,12
221,Olivette,Truc,30
222,Bettine,Aurelio,26
223,Angelique,Craggie,13
224,Ginnie,Radu,13
225,Cherrita,Jacobah,19
226,Angela,Prober,30
227,Maye,Cosenza,22
228,Merrie,Stover,11
229,Lita,Gower,22
230,Corly,Bakerman,33
231,Danny,Narton,45
232,Leeanne,Winthorpe,12
233,Brena,Bach,36
234,Aurelie,Sisile,42
235,Kial,Halsey,21
236,Brandise,Leifeste,10
237,Ginnie,Brieta,10
238,Danny,Belanger,33
239,Jasmina,Goddard,37
240,Moyna,Rurik,44
241,Kamilah,Cyrie,18
242,Sybille,Dyche,12
243,Ida,Aurelio,35
244,Anica,Brodench,24
245,Eve,Birdella,18
246,Ethel,Argus,20
247,Hope,Anestassia,28
248,Patricia,Wind,28
249,Di,Sperling,22
250,Hollie,Teddman,18
251,Sibella,Adalbert,32
252,Melanie,Vale,26
253,Robbi,Brunell,32
254,Nita,Meter,29
255,Gaylene,Adlare,14
256,Halette,Maples,27
257,Cyb,Durante,36
258,Monika,Hertzfeld,30
259,Wendi,Hutchison,28
260,Elvira,Millda,38
261,Edith,Harl,37
262,Cam,Matthew,33
263,Cherrita,Kristi,28
264,Collen,Tomasina,33
265,Evita,Stanwood,23
266,Kaia,Hessler,37
267,Dorene,Gaulin,25
268,Ermengarde,Bari,36
269,Dode,Ophelia,25
270,Susette,Koehler,33
271,Eadie,Corilla,35
272,Corina,Holtz,22
273,Amara,Remmer,43
274,Damaris,Raffo,45
275,Betta,Pyle,28
276,Constance,Strephon,45
277,Alyssa,Trace,13
278,Maisey,Darbie,31
279,Ricky,Bollay,34
280,Helena,Kussell,44
281,Averyl,Nedrud,22
282,Elie,Salvidor,38
283,Ursulina,Glovsky,28
284,Trudie,Wildermuth,33
285,Jemie,Minetta,23
286,Amalie,Pettiford,17
287,Brana,Demitria,29
288,Christal,Uird,27
289,Corene,Lissi,40
290,Gianina,Gibbeon,45
291,Ardeen,Kamaria,34
292,Harmonia,Angelis,40
293,Nikki,Melony,37
294,Georgina,Zetta,28
295,Kathi,Louanna,11
296,Shirlee,Timon,43
297,Kial,Damarra,31
298,Angela,Anselmi,33
299,Mellicent,Dannye,26
300,Di,Leifeste,14
301,Dorice,Lytton,11
302,Corina,Sheng,24
303,Dawn,Verger,28
304,Gianina,Ricarda,12
305,Cristabel,Dorothy,39
306,Aili,Seumas,11
307,Zia,Bluh,15
308,Gratia,Camden,14
309,Doro,Glenden,32
310,Debee,Colleen,31
311,Brandise,Izaak,15
312,Paulita,Peonir,15
313,Alleen,Bultman,31
314,Beatriz,Soneson,26
315,Fina,Riordan,18
316,Stacey,Sabella,13
317,Mara,Roche,21
318,Concettina,Pauly,33
319,Andeee,Sekofski,33
320,Beverley,Kat,15
321,Myrtice,Liva,32
322,Estell,Helve,12
323,Ilse,Pettiford,42
324,Ernesta,Hull,12
325,Myrtice,Cecile,11
326,Charissa,Smitt,35
327,Tani,Nikaniki,26
328,Judy,Giule,38
329,Evaleen,Kosey,36
330,Kore,Peonir,23
331,Nananne,Faust,45
332,Joeann,Honoria,15
333,Jacquetta,Ilka,29
334,Marcy,Dash,42
335,Gisela,Goddard,18
336,Molli,Darrell,30
337,Cyb,Jerald,31
338,Damaris,Terencio,33
339,Randa,Ardeha,37
340,Dolli,Martsen,43
341,Correy,Kinnard,43
342,Daryl,Ader,17
343,Giustina,Modie,19
344,Shel,Publia,12
345,Bernardine,Romelda,15
346,Danny,Sawtelle,41
347,Elsie,Torray,34
348,Raquela,Justinn,40
349,Molli,Eckblad,17
350,Annice,Lane,29
351,Linet,Kazimir,25
352,Joeann,Faust,15
353,Millie,Infield,12
354,Marnia,Odysseus,24
355,Vanessa,Sidonius,18
356,Concettina,Merell,38
357,Clarice,Merriott,14
358,Henriette,Avi,28
359,Melodie,Taam,41
360,Orelia,Imelida,18
361,Lesly,Sasnett,10
362,Rosaline,Desai,30
363,Jasmina,Leffen,27
364,Willetta,Karylin,43
365,Talya,Madox,41
366,Deane,Donoghue,16
367,Emylee,Borrell,42
368,Gabriellia,Marijo,41
369,Marylou,Maisey,42
370,Raquela,Gaynor,33
371,Ofilia,Henebry,14
372,Rebeca,Goerke,40
373,Dari,Judye,21
374,Claresta,Wilkinson,29
375,Maisey,Xerxes,30
376,Tierney,Sperling,38
377,Molli,Flita,15
378,Nickie,Hillel,22
379,Deirdre,Durante,29
380,Ashlee,Daniele,16
381,Danika,Mallon,37
382,Jan,Septima,41
383,Meriel,Avi,28
384,Romona,Seessel,29
385,Vanessa,Stefa,13
386,Anallese,Jacinda,34
387,Marti,Carolin,23
388,Charissa,Magdalen,39
389,Linzy,Cohdwell,40
390,Kore,Melan,26
391,Briney,Selway,41
392,Malina,Riva,39
393,Drucie,Adrienne,23
394,Lisette,Holtz,19
395,Anthia,Gherardo,11
396,Lenna,Phi,40
397,Linzy,Chesna,37
398,Juliane,Vacuva,15
399,Shaylyn,Garlinda,25
400,Carmencita,Kirbee,31
401,Ezmeralda,Carmena,23
402,Jean,Liva,26
403,Theodora,Ursulette,18
404,Gratia,Prouty,35
405,Carly,Kinnard,43
406,Heida,Bergman,41
407,Carilyn,Hathaway,35
408,Sandie,Carbo,17
409,Britni,Brieta,39
410,Celestyna,O'Carroll,36
411,Elora,Reinke,15
412,Gisela,Kolnick,36
413,Misha,Raama,25
414,Cassondra,Taam,26
415,Patricia,Iaverne,43
416,Ardys,Dorcy,12
417,Barbi,Tannie,30
418,Ardeen,Carolin,45
419,Nicoli,Berne,27
420,Carree,Lubin,11
421,Fanny,Erminia,43
422,Lolita,Mozelle,16
423,Florencia,Prober,44
424,Rozele,Boehike,21
425,Chandra,Ioab,19
426,Veda,Calhoun,25
427,Peri,Docilla,28
428,Fayre,Korey,17
429,Wendi,Billye,10
430,Nadine,Bollay,11
431,Susette,Sprage,41
432,Lindie,Fancie,44
433,Vevay,Joachim,37
434,Dianemarie,Giule,42
435,Cherilyn,Brandice,24
436,Mariele,Susannah,27
437,Liana,Durware,22
438,Larine,Bigner,33
439,Gwenneth,Even,44
440,Asia,Alabaster,14
441,Shannah,Daegal,36
442,Mureil,Fax,21
443,Antonietta,Holbrook,29
444,Wilma,Kronfeld,22
445,Tybie,Nerita,27
446,Caritta,Bow,40
447,Ezmeralda,Martsen,30
448,Hallie,Alwin,13
449,Kylynn,Mathilde,28
450,Hildegaard,Pond,42
451,Hermione,Hubert,10
452,Averyl,Ingra,16
453,Mara,Dulciana,29
454,Eadie,Obed,45
455,Charmaine,Caitlin,12
456,Sam,Eachern,44
457,Briney,Natalia,38
458,Grier,Eugenia,23
459,Felice,Zola,13
460,Karena,Shama,34
461,Sidoney,Suzetta,15
462,Dianemarie,Fink,14
463,Hollie,Roche,36
464,Annabela,Fosque,19
465,Adriana,Markman,31
466,Blake,Marcellus,30
467,Nessie,Adore,34
468,Deirdre,Longfellow,21
469,Pamella,Bearnard,39
470,Cyndie,Nicoline,34
471,Sue,Vernier,19
472,Lyssa,Harned,42
473,Nariko,Nance,45
474,Steffane,Timon,18
475,Joy,Pyle,24
476,Larine,Ursulette,24
477,Bernardine,Seagraves,29
478,Ethel,Loeb,32
479,Kerrin,Colp,11
480,Kary,Plato,24
481,Chandra,Pillsbury,43
482,Annaliese,Lymann,16
483,Kimberley,Delacourt,24
484,Steffane,Pip,17
485,Carlie,Ammann,36
486,Larine,Dom,30
487,Wilma,Evangelia,28
488,Vivia,Joni,18
489,Alyssa,Letsou,27
490,Etta,Pillsbury,16
491,Tobe,Lilybelle,30
492,Ursulina,Behre,11
493,Stephanie,Ogren,21
494,Roz,Winthorpe,32
495,Merrie,Loleta,18
496,Joeann,Nikaniki,38
497,Elmira,Elo,30
498,Andree,Wandie,40
499,Riannon,Elisha,21
500,Robbi,Bluh,13
501,Queenie,Prouty,44
502,Sashenka,Burch,42
503,Delilah,Marsden,32
504,Riannon,Vary,33
505,Flo,Moseley,14
506,Pierette,Brotherson,10
507,Susette,Billye,15
508,Sonni,Jagir,32
509,Lusa,Carbo,34
510,Sherrie,Raffo,30
511,Bertine,Goode,45
512,Myrtice,Couture,43
513,Hyacinthe,Pierette,11
514,Jennica,Tamsky,15
515,Michaelina,Berl,35
516,Imojean,Ball,20
517,Dotty,Belldas,27
518,Marcelline,Docilla,41
519,Elmira,Cressida,28
520,Julieta,Henebry,26
521,Roz,Melan,31
522,Inga,Zaslow,19
523,Jenda,Winthorpe,18
524,Marleah,Goldina,29
525,Amelia,Gualtiero,45
526,Quintina,Casimir,26
527,Aubrie,Zaslow,21
528,Jaime,Sandye,30
529,Merry,Gunn,20
530,Micheline,Guthrie,26
531,Kayla,Willie,40
532,Candi,Zeeba,13
533,Codie,Grayce,10
534,Linzy,Dowski,44
535,Jeanna,Shama,34
536,Glenda,Erminia,39
537,Teddie,Margarete,38
538,Tierney,Faust,22
539,Audrie,Hailee,45
540,Blinni,Blake,13
541,Kittie,Stevy,33
542,Roseline,Chick,40
543,Angela,Eiser,21
544,Mary,Pandolfi,30
545,Genovera,Morrill,27
546,Cyb,Modie,30
547,Alleen,Kesley,13
548,Loree,Shaver,12
549,Alie,Holtz,35
550,Millie,Lumbard,38
551,Celestyna,Stefa,45
552,Codie,Cordi,10
553,Jorry,Elsinore,10
554,Rochette,Kathie,14
555,Kore,Gamaliel,31
556,Hermione,Zamora,40
557,Harmonia,Marijo,39
558,Catrina,Sherfield,24
559,Corly,Merell,22
560,Ofilia,Gemini,25
561,Zondra,Creamer,35
562,Dania,Roche,14
563,Hettie,Suzetta,40
564,Lily,Wooster,11
565,Molli,Lorain,37
566,Darlleen,Naashom,39
567,Addia,Joni,17
568,Mahalia,Merell,14
569,Dulce,My,14
570,Tabbatha,Dowski,41
571,Lesly,Loeb,27
572,Kate,Johnsson,10
573,Meriel,Celestine,42
574,Annice,Argus,44
575,Cristabel,Ralfston,14
576,Tierney,Nahum,36
577,Corene,Wadell,25
578,Rosanne,Albertine,35
579,Belinda,Carri,45
580,Britte,Anton,32
581,Harmonia,Mitzi,32
582,Ayn,Mehalek,45
583,Lory,Alisia,18
584,Mady,Klemperer,22
585,Leanna,Vacuva,38
586,Tersina,Rossner,21
587,Sandie,Rubie,16
588,Kayla,Boycey,38
589,Brandise,Arquit,32
590,Katleen,Llovera,20
591,Tami,Roumell,30
592,Wilma,Berl,34
593,Marinna,Yusuk,39
594,Valera,Connelly,39
595,Vinita,Hathaway,21
596,Joleen,Ortrude,17
597,Jennica,Lytton,16
598,Demetris,Deny,34
599,Mariele,Bebe,24
600,Hayley,Alwin,11
601,Minda,LaRue,40
602,Cecile,Leifeste,11
603,Meriel,Hilbert,10
604,Nariko,Cimbura,22
605,Dacia,Callista,21
606,Sindee,Chem,12
607,Nollie,Adore,12
608,Clo,Cath,31
609,Lexine,Dowski,33
610,Candy,Justinn,30
611,Jaclyn,Eliathas,28
612,Albertina,Cornelia,35
613,Jackie,Niccolo,35
614,Sherrie,Tremayne,19
615,Nariko,Bollay,36
616,Cherrita,Percy,14
617,Ariela,Truc,34
618,Basia,Cath,19
619,Briney,Trinetta,27
620,Alisha,Jethro,30
621,Amara,Raul,14
622,Celene,Malvino,25
623,Alisha,Ferino,26
624,Sue,Zachary,26
625,Amelia,Tryck,15
626,Christian,Markman,35
627,Charissa,Dielu,19
628,Caritta,Gahl,38
629,Ezmeralda,Swigart,42
630,Cherrita,Stanwood,14
631,Raquela,Faust,16
632,Cathie,Israeli,13
633,Elka,Tillford,45
634,Cherilyn,Briney,11
635,Nariko,Lilybelle,45
636,Vinita,Pearse,16
637,Paule,Thilda,27
638,Sadie,Hachmin,35
639,Betta,Whiffen,14
640,Sheree,Dawkins,16
641,Zsa Zsa,Ummersen,20
642,Annaliese,Lauraine,15
643,Shaylyn,Hollingsworth,32
644,Constance,Gilbertson,20
645,Marita,Evvie,19
646,Lita,Marijo,32
647,Rhea,Madelene,29
648,Dolli,Destinee,33
649,Alex,Tyson,14
650,Dominga,Hepsibah,40
651,Mathilda,Lenny,37
652,Beth,Sawtelle,26
653,Deirdre,Vorster,11
654,Myriam,Abernon,14
655,Chere,Ochs,20
656,Charmaine,Himelman,31
657,Tierney,Zola,33
658,Gusty,Alarise,28
659,Agnese,Shaddock,22
660,Vinita,Elisha,13
661,Audrie,Dunkin,17
662,Nelle,Reidar,36
663,Gerrie,Anyah,29
664,Audrie,Christal,34
665,Chastity,Elisha,23
666,Carlie,Beniamino,19
667,Keelia,Herrera,36
668,Alejandra,Raffo,28
669,Rayna,Podvin,31
670,Bernie,Hubert,28
671,Imojean,Corilla,24
672,Jasmina,Dannye,40
673,Amara,Konyn,37
674,Rosabelle,Constancy,18
675,Zsa Zsa,Kaja,30
676,Fidelia,Carolin,34
677,Ellette,Longfellow,32
678,Betta,Rad,44
679,Mignon,Ellord,41
680,Libbie,Kress,31
681,Jsandye,Anselmi,16
682,Hayley,Penelopa,26
683,Jenilee,Alfons,11
684,Olivette,Kare,43
685,Lyssa,Infield,34
686,Cristine,Suk,33
687,Correy,Allina,16
688,Stacey,Ludewig,31
689,Margalo,Rudolph,44
690,Zsa Zsa,Dosia,22
691,Ardenia,Heidt,25
692,Elyssa,Norrie,42
693,Brena,Jess,16
694,Alameda,Maribeth,15
695,Selma,Aurelio,21
696,Rebeca,Schlosser,39
697,Cassandra,Stacy,19
698,Emilia,Ietta,21
699,Gwenneth,Dorothy,35
700,Ellette,Kylander,39
701,Lesly,Adlare,39
702,Demetris,Bury,37
703,Lelah,Middleton,16
704,Jean,Lubin,31
705,Kimmy,Winthorpe,31
706,Esmeralda,Bultman,13
707,Kassey,Schonfeld,13
708,Florencia,Judye,15
709,Binny,Cutlerr,12
710,Doralynne,Christine,13
711,Gabi,Delp,28
712,Ardys,Yam,30
713,Gerianna,Weaks,34
714,Katleen,Leopold,28
715,Lusa,Jorgan,30
716,Juliane,Konyn,17
717,Elfreda,Haerr,16
718,Ann-Marie,Raul,44
719,Noelle,Amethist,13
720,Hannis,Weinreb,16
721,Fanny,Byrne,29
722,Grier,Lory,26
723,Estell,Doig,32
724,Alia,Randene,28
725,Hope,Goth,11
726,Gwyneth,Garek,27
727,Mahalia,Grayce,25
728,Sybille,Bryna,44
729,Aeriela,Dom,40
730,Sara-Ann,Martsen,23
731,Christian,Urias,36
732,Basia,Gwenore,21
733,Jsandye,Merat,36
734,Gabi,Klotz,35
735,Aryn,Dyche,28
736,Chandra,Ingra,38
737,Aurore,Brady,20
738,Kelly,Allina,25
739,Darci,Bobbee,13
740,Mallory,Cimbura,12
741,Joeann,Ventre,36
742,Cam,Gunn,18
743,Sadie,Muriel,19
744,Sophia,Gert,11
745,Maryellen,Sikorski,41
746,Darci,Lail,24
747,Jessamyn,Sancho,16
748,Kayla,Harned,40
749,Winny,Fink,42
750,Georgetta,Morrill,18
751,Mara,Lia,25
752,Allyce,Matthew,22
753,Dorene,Wareing,28
754,Louella,Nelsen,22
755,Marti,Killigrew,26
756,Tabbatha,Sabella,28
757,Flo,Amethist,17
758,Kara-Lynn,Ardra,32
759,Neila,Chobot,28
760,Dennie,Gavrila,29
761,Marnia,Toor,30
762,Carol-Jean,Alexandr,33
763,Taffy,Romelda,10
764,Georgetta,Nance,22
765,Lorne,Wesle,36
766,Mady,Liva,40
767,Therine,Stover,26
768,Arabel,Socha,33
769,Emmey,Cimbura,36
770,Kimmy,Alrich,31
771,Sibella,Monaco,26
772,Sarette,Shuler,31
773,Keelia,Love,38
774,Vere,Libna,24
775,Chastity,Clywd,44
776,Starla,Berard,31
777,Lacie,Montgomery,44
778,Brianna,Loring,12
779,Tatiania,Dimitris,34
780,Cissiee,Tippets,41
781,Amara,Danby,34
782,Shandie,Artie,29
783,Anica,Ulphia,41
784,Dotty,Agle,16
785,Ardys,Kimmie,37
786,Aurelie,Ezar,38
787,Elise,Hathaway,35
788,Imojean,Birdella,35
789,Gwenneth,Kauppi,27
790,Phylis,Stevy,13
791,Cassondra,Arvo,39
792,Sidoney,Linskey,32
793,Kaja,Hathaway,33
794,Cindelyn,Ellerey,25
795,Carilyn,Tiffa,30
796,Renae,Claudine,26
797,Paule,Dalli,20
798,Shell,Wilona,30
799,Evaleen,Erlandson,32
800,Vivia,Girardo,26
801,Ayn,Ivens,33
802,Karina,Chabot,42
803,Cristine,Bouchard,35
804,Sean,An,18
805,Marcelline,Grobe,30
806,Gui,Ardeha,37
807,Gilligan,O'Carroll,14
808,Sharai,Tillford,43
809,Anthia,Truc,38
810,Elora,Mintz,36
811,Jsandye,Christal,33
812,Dawn,Emanuel,13
813,Sara-Ann,Munn,17
814,Lindie,Mike,10
815,Melodie,Hanleigh,15
816,Marnia,Skurnik,35
817,Esmeralda,Pascia,20
818,Agnese,Franza,30
819,Starla,Catie,32
820,Belinda,Ophelia,21
821,Tami,Caitlin,28
822,Suzette,Rocray,42
823,Calla,Toor,39
824,Frances,Hoenack,32
825,Jaclyn,Sherfield,18
826,Rubie,Lesley,39
827,Carly,Wu,28
828,Goldie,Mullane,17
829,Juliane,Allina,11
830,Almeta,Dowski,42
831,Flory,Goode,34
832,Kalina,Lynn,13
833,Rayna,Hedve,14
834,Lonnie,Maurine,16
835,Tiffie,Mott,19
836,Corly,Jobi,15
837,Arlena,Hessler,22
838,Hollie,Susannah,19
839,Elbertina,Dorcy,15
840,Ida,Hoenack,26
841,Aaren,Thunell,43
842,Clary,Serilda,38
843,Gloria,Kamaria,16
844,Farrah,Stuart,31
845,Georgetta,Jillane,45
846,Susan,Fiann,39
847,Chastity,Erskine,11
848,Janis,Vorster,44
849,Evita,Genna,44
850,Jessamyn,Mehalek,15
851,Bobinette,Afton,29
852,Aigneis,Sikorski,16
853,Queenie,Soneson,43
854,Bettine,Reidar,42
855,Sheelagh,Stoller,42
856,Corry,Zrike,15
857,Rivalee,Maryanne,12
858,Nita,Lea,14
859,Josephine,Aloise,11
860,Britte,Engdahl,39
861,Sindee,Jagir,31
862,Juliane,Maples,38
863,Glenda,Ellord,42
864,Paulita,Huggins,14
865,Arlina,Nedrud,29
866,Halette,Pip,28
867,Lucy,Sacken,31
868,Andree,Erlandson,26
869,Catrina,Uund,18
870,Myriam,Maisey,45
871,Annecorinne,Martguerita,23
872,Esmeralda,Zina,31
873,Gilligan,Ochs,23
874,Marsiella,Teryn,28
875,Amalie,Louanna,18
876,Jorry,Schwejda,40
877,Carmencita,Tannie,22
878,Leontine,Jalbert,31
879,Elie,Thema,14
880,Gratia,Woodberry,43
881,Alex,Sallyann,33
882,Gui,Remmer,31
883,Beth,Donell,42
884,Ruthe,Saint,14
885,Gratia,Anderea,37
886,Rayna,Ardra,42
887,Neila,Shaver,34
888,Tori,Amand,13
889,Lorie,Shaver,25
890,Aurore,Diann,32
891,Hollie,Hoenack,38
892,Ricky,Harl,26
893,Joelly,Swigart,29
894,Charmaine,Creamer,34
895,Delilah,Even,16
896,Nessie,Colbert,15
897,Brena,Dulciana,12
898,Sallie,Even,21
899,Amelia,Raseda,14
900,Steffane,Sophronia,34
901,Hettie,Mathilde,32
902,Amalie,Taima,15
903,Lisette,Valerio,39
904,Tina,Blase,30
905,Gerianna,Ricarda,14
906,Alexine,Gaspard,37
907,Raina,Bakerman,37
908,Hayley,Blake,11
909,Tybie,Lumbard,42
910,Gwyneth,Chauncey,23
911,Harmonia,Phi,12
912,Gusella,Douglass,43
913,Jacquetta,Dawkins,15
914,Carly,August,35
915,Ricky,Stilwell,10
916,Carlie,Weaks,10
917,Chandra,Belldas,23
918,Giustina,Mayeda,41
919,Libbie,Zuzana,30
920,Dari,Corrine,21
921,Rhoda,Meter,12
922,Gertrud,Riva,26
923,Amii,Tippets,34
924,Averyl,Wyn,18
925,Winny,Croix,32
926,Adelle,Terencio,21
927,Susette,Greyson,12
928,Maryellen,Myrilla,32
929,Augustine,Raimondo,23
930,Lorie,Schalles,34
931,Amara,Wilkinson,41
932,Jinny,Westphal,41
933,Lenna,Eldrid,40
934,Elka,Aurelio,18
935,Vere,Oster,28
936,Tori,Chick,13
937,Shauna,Ellerey,33
938,Celestyna,Dorothy,29
939,Chandra,Gahl,41
940,Maridel,Clywd,11
941,Dorice,Durante,38
942,Sandie,McAdams,10
943,Dotty,Sasnett,28
944,Nonnah,Margret,40
945,Marika,Georgy,16
946,Olwen,Shaver,14
947,Sybille,Dichy,33
948,Mahalia,Malvino,30
949,Nonnah,LaRue,28
950,Ingrid,Cavan,13
951,Rosanne,Meli,15
952,Cindelyn,Devlen,34
953,Cristabel,Cassius,20
954,Jolyn,Papageno,33
955,Vita,Tarrant,23
956,Ivett,Campball,20
957,Adriana,Rosalba,24
958,Pollyanna,Kelula,24
959,Elora,Han,24
960,Ashlee,Lareena,45
961,Edee,Ricki,30
962,Drucie,Ferrell,42
963,Amelia,Nadia,31
964,Charmaine,Lissi,10
965,Danny,Fleeta,11
966,Anica,Anselmi,31
967,Shandie,Skell,42
968,Jere,Prober,30
969,Danika,Harday,20
970,Jere,Morrill,13
971,Constance,Olnee,36
972,Ofilia,Mathilde,43
973,Karlee,Suzetta,31
974,Ann-Marie,Luhe,33
975,Kirstin,Westphal,26
976,Sherrie,Germann,42
977,Janeczka,Shama,31
978,Claresta,Daveta,28
979,Linet,Mauer,15
980,Ada,Leopold,10
981,Dale,Podvin,42
982,Raina,Orlene,25
983,Esmeralda,Cordi,22
984,Kristina,Erlandson,44
985,Ada,Glovsky,22
986,Catrina,Vilma,34
987,Nannie,Lorenz,36
988,Kassey,Pandolfi,38
989,Berta,Brackely,38
990,Tressa,Rooney,14
991,Kathy,Alrich,25
992,Shell,Noman,34
993,Aeriela,Ader,14
994,Giustina,Merriott,31
995,Maurene,Kravits,33
996,Sophia,Virgin,45
997,Drucie,Trey,13
998,Laurene,O'Neill,11
999,Hermione,Hutchison,17
1000,Genevra,Wilona,16
1001,Cam,Rosalba,15
1002,Catrina,Oneida,37
1003,Leanna,Ambrosia,20
1004,Tilly,Gale,41
1005,Lesly,Wadell,36
1006,Ada,Japeth,31
1007,Harmonia,Isidore,17
1008,Britni,Philipp,20
1009,Beverley,Urania,17
1010,Dede,Kare,36
1011,Cacilie,Si,26
1012,Elmira,Dorine,43
1013,Gianina,Dannye,14
1014,Mahalia,Havens,29
1015,Carolina,Hylan,13
1016,Brandise,Colyer,30
1017,Valera,Vary,30
1018,Eadie,Rese,21
1019,Fernande,Orelee,28
1020,Marjie,Even,19
1021,Melisent,Iphlgenia,42
1022,Elyssa,Dreda,42
1023,Celisse,Swigart,32
1024,Paulita,Gillan,35
1025,Meriel,Monaco,43
1026,Ada,Richers,29
1027,Barbi,Colbert,39
1028,Marti,Winnick,39
1029,Orelia,Bates,37
1030,Elena,Pauly,12
1031,Eve,Elsinore,22
1032,Annaliese,Pillsbury,33
1033,Frieda,Codding,28
1034,Vere,Bach,17
1035,Marinna,Billye,21
1036,Lonnie,Yate,35
1037,Amelia,Lay,24
1038,Tonia,Tyson,35
1039,Tatiania,Maples,10
1040,Layla,Ardeha,26
1041,Karina,Creamer,33
1042,Camile,Jacinda,20
1043,Collen,Connelly,43
1044,Lynde,Alfons,10
1045,Romona,Middleton,12
1046,Flo,Stav,11
1047,Jean,Suanne,33
1048,Jerry,Chem,23
1049,Kate,Bendick,24
1050,Wynne,Giule,26
1051,Delilah,Hutchison,30
1052,Ayn,Grimbly,37
1053,Deirdre,Zola,26
1054,Christy,Toni,27
1055,Tina,Fillbert,18
1056,Arabel,Flita,32
1057,Wilma,Joni,44
1058,Sherrie,Colleen,37
1059,Fanchon,Gahl,13
1060,Evaleen,Niccolo,33
1061,Katuscha,Fairweather,30
1062,Mariele,Nelsen,19
1063,Liana,Shuler,24
1064,Letizia,Ingra,41
1065,Maisey,Dannye,23
1066,Netty,Newell,25
1067,Annecorinne,Narton,16
1068,Brynna,Philipp,24
1069,Elyssa,Bury,31
1070,Mady,Swanhildas,38
1071,Berta,Aprile,18
1072,Sadie,Concha,13
1073,Miquela,Adrienne,11
1074,Karlee,Longfellow,22
1075,Robinia,Liebermann,32
1076,Aubrie,Albertine,37
1077,Jenda,Cadmar,39
1078,Evita,Fontana,38
1079,Luci,Breed,43
1080,Frank,Wu,18
1081,Adore,Joeann,26
1082,Jeanna,Edmund,21
1083,Alexine,Euridice,23
1084,Kalina,Bertold,26
1085,Celisse,Gahl,39
1086,Carolina,Fancie,16
1087,Doralynne,Madaih,38
1088,Roxane,Mott,22
1089,Marcelline,Truc,42
1090,Blondelle,Gwenore,24
1091,Dawn,Guthrie,35
1092,Arlena,Taima,18
1093,Trixi,Lorain,25
1094,Audrie,Rubie,31
1095,Marnia,Holbrook,41
1096,Karolina,Voletta,43
1097,Ayn,Yusuk,41
1098,Rayna,Swanhildas,25
1099,Dania,Raffo,15